GENE	SNP	CHR	START	STOP	SNP_POS	SNP_REL_POS	SNP_FROM	SNP_TO	CLINSIG	BIOTYPE	ENSEMBL_ID
MIR4695	876209	1	18883202	18883275	18883265	64	C	T	Likely_benign	miRNA	ENSG00000265606
MIR6084	703431	1	20633679	20633788	20633701	23	A	G	Likely_benign	miRNA	ENSG00000284005
MIR6084	586235	1	20633679	20633788	20633703	25	C	T	Uncertain_significance	miRNA	ENSG00000284005
MIR6084	294998	1	20633679	20633788	20633713	35	G	A	Conflicting_interpretations_of_pathogenicity	miRNA	ENSG00000284005
MIR6084	374446	1	20633679	20633788	20633717	39	C	T	Uncertain_significance	miRNA	ENSG00000284005
MIR6084	262026	1	20633679	20633788	20633737	59	C	T	Benign	miRNA	ENSG00000284005
MIR6084	874873	1	20633679	20633788	20633766	88	C	T	Uncertain_significance	miRNA	ENSG00000284005
MIR6735	416957	1	43448539	43448611	43448603	65	C	T	Likely_benign	miRNA	ENSG00000274975
MIR6735	241040	1	43448539	43448611	43448605	67	C	G	Likely_benign	miRNA	ENSG00000274975
SNORA66	298213	1	92840719	92840851	92840760	42	G	A	Benign	snoRNA	ENSG00000207523
MIR4260	370879	1	209623444	209623510	209623503	60	A	G	Likely_pathogenic	miRNA	ENSG00000283876
MIR6741	489137	1	225922080	225922142	225922080	1	C	G	Pathogenic/Likely_pathogenic	miRNA	ENSG00000284519
MIR3606	381012	2	188995630	188995692	188995674	45	A	G	Likely_benign	miRNA	ENSG00000284180
MIR3606	495540	2	188995630	188995692	188995684	55	C	A	Uncertain_significance	miRNA	ENSG00000284180
MIR6810	765248	2	218341911	218341980	218341972	62	G	A	Likely_benign	miRNA	ENSG00000278524
MIR6811	744408	2	237510931	237510988	237510979	49	G	A	Benign	miRNA	ENSG00000277842
MIR711	792437	3	48578902	48578977	48578909	8	C	G	Likely_benign	miRNA	ENSG00000284251
MIR711	765367	3	48578902	48578977	48578940	39	T	C	Likely_benign	miRNA	ENSG00000284251
MIR943	745322	4	1986384	1986477	1986389	6	G	A	Likely_benign	miRNA	ENSG00000284587
MIR943	718995	4	1986384	1986477	1986392	9	T	C	Benign	miRNA	ENSG00000284587
MIR5004	864681	6	33438331	33438437	33438411	81	G	A	Uncertain_significance	miRNA	ENSG00000284256
MIR5004	642691	6	33438331	33438437	33438435	105	T	A	Likely_pathogenic	miRNA	ENSG00000284256
MIR5004	982619	6	33438331	33438437	33438435	105	T	C	Uncertain_significance	miRNA	ENSG00000284256
MIR4649	709786	7	44110849	44110912	44110905	57	C	G	Benign	miRNA	ENSG00000284412
MIR96	163976	7	129774692	129774769	129774728	37	G	A	Benign/Likely_benign	miRNA	ENSG00000199158
MIR96	163977	7	129774692	129774769	129774734	43	A	G	Benign/Likely_benign	miRNA	ENSG00000199158
MIR96	866	7	129774692	129774769	129774756	65	G	T	Pathogenic	miRNA	ENSG00000199158
MIR96	865	7	129774692	129774769	129774757	66	C	T	Pathogenic	miRNA	ENSG00000199158
MIR183	163975	7	129774905	129775014	129774910	6	G	T	not_provided	miRNA	ENSG00000207691
MIR183	163973	7	129774905	129775014	129774964	60	C	A	Likely_benign	miRNA	ENSG00000207691
MIR532	804001	X	50003148	50003238	50003229	82	G	.	Benign	miRNA	ENSG00000207758
MIR6857	545098	X	53405673	53405765	53405674	2	T	C	Pathogenic	miRNA	ENSG00000278204
MIR6841	138510	8	24953796	24953867	24953808	13	A	G	Benign/Likely_benign	miRNA	ENSG00000283327
MIR6841	916904	8	24953796	24953867	24953814	19	G	A	Likely_benign	miRNA	ENSG00000283327
MIR937	796938	8	143812957	143813042	143812971	15	G	A	Likely_benign	miRNA	ENSG00000284224
MIR939	829512	8	144394149	144394230	144394149	1	C	A	Pathogenic	miRNA	ENSG00000284310
MIR204	218881	9	70809975	70810084	70810048	74	G	A	Pathogenic	miRNA	ENSG00000207935
MIR3911	431152	9	127690687	127690795	127690778	92	C	T	Likely_pathogenic	miRNA	ENSG00000283874
MIR2861	106	9	127785918	127786007	127785950	33	C	G	association	miRNA	ENSG00000284547
MIR4673	241170	9	136519568	136519626	136519569	2	C	A	Likely_benign	miRNA	ENSG00000263403
MIR4673	680860	9	136519568	136519626	136519571	4	G	A	Likely_benign	miRNA	ENSG00000263403
MIR4673	514583	9	136519568	136519626	136519582	15	C	T	Likely_benign	miRNA	ENSG00000263403
MIR4673	514189	9	136519568	136519626	136519583	16	G	A	Likely_benign	miRNA	ENSG00000263403
MIR6744	164008	11	1256605	1256670	1256664	60	C	T	Benign	miRNA	ENSG00000275669
MIR6514	747517	11	62792702	62792771	62792705	4	G	T	Likely_benign	miRNA	ENSG00000274066
MIR7113	383040	11	68032864	68032922	68032912	49	C	T	Likely_benign	miRNA	ENSG00000284293
MIR936	728158	10	104048089	104048186	104048097	9	A	C	Benign	miRNA	ENSG00000283788
MIR1228	733780	12	57194504	57194576	57194568	65	G	A	Likely_benign	miRNA	ENSG00000221365
MIR6758	475415	12	57512688	57512750	57512747	60	C	A	Likely_benign	miRNA	ENSG00000284152
MIR6758	656732	12	57512688	57512750	57512750	63	G	C	Uncertain_significance	miRNA	ENSG00000284152
MIR6759	827505	12	57748618	57748682	57748621	4	A	G	Uncertain_significance	miRNA	ENSG00000283621
MIR4497	514316	12	109833348	109833436	109833369	22	C	T	Likely_benign	miRNA	ENSG00000263510
MIR4497	882983	12	109833348	109833436	109833377	30	G	A	Uncertain_significance	miRNA	ENSG00000263510
MIR4497	307145	12	109833348	109833436	109833392	45	C	T	Uncertain_significance	miRNA	ENSG00000263510
MIR4497	881447	12	109833348	109833436	109833410	63	C	A	Uncertain_significance	miRNA	ENSG00000263510
MIR4497	368980	12	109833348	109833436	109833413	66	C	T	Likely_benign	miRNA	ENSG00000263510
MIR6761	728511	12	111799834	111799905	111799896	63	C	T	Likely_benign	miRNA	ENSG00000274697
MIR4709	888512	14	74480133	74480204	74480159	27	G	A	Uncertain_significance	miRNA	ENSG00000283944
MIR4709	888513	14	74480133	74480204	74480188	56	C	T	Uncertain_significance	miRNA	ENSG00000283944
MIR431	711467	14	100881007	100881120	100881018	12	C	T	Benign	miRNA	ENSG00000208001
MIR431	795086	14	100881007	100881120	100881111	105	A	G	Likely_benign	miRNA	ENSG00000208001
MIR6882	740145	15	74840642	74840707	74840645	4	C	T	Benign	miRNA	ENSG00000275411
MIR6766	379064	15	89326739	89326810	89326743	5	G	A	Likely_benign	miRNA	ENSG00000275101
MIR6766	413486	15	89326739	89326810	89326748	10	T	C	Likely_benign	miRNA	ENSG00000275101
MIR6766	619458	15	89326739	89326810	89326759	21	A	C	Likely_benign	miRNA	ENSG00000275101
MIR1225	562277	16	2090195	2090284	2090196	2	T	A	Likely_pathogenic	miRNA	ENSG00000221656
MIR1225	434008	16	2090195	2090284	2090196	2	T	G	Pathogenic	miRNA	ENSG00000221656
MIR1225	256920	16	2090195	2090284	2090270	76	C	G	Likely_benign	miRNA	ENSG00000221656
MIR1225	975069	16	2090195	2090284	2090284	90	C	T	Pathogenic	miRNA	ENSG00000221656
MIR6511B1	873380	16	2106669	2106753	2106672	4	C	A	Likely_pathogenic	miRNA	ENSG00000284008
MIR6511B1	448002	16	2106669	2106753	2106673	5	C	A	Uncertain_significance	miRNA	ENSG00000284008
MIR6511B1	811806	16	2106669	2106753	2106673	5	C	T	Pathogenic	miRNA	ENSG00000284008
MIR6511B1	433979	16	2106669	2106753	2106683	15	G	A	Uncertain_significance	miRNA	ENSG00000284008
MIR6511B1	586295	16	2106669	2106753	2106684	16	G	A	Benign	miRNA	ENSG00000284008
MIR6511B1	433980	16	2106669	2106753	2106686	18	A	T	Uncertain_significance	miRNA	ENSG00000284008
MIR6511B1	256998	16	2106669	2106753	2106687	19	G	T	Likely_benign	miRNA	ENSG00000284008
MIR6767	722753	16	2445392	2445457	2445453	62	C	T	Likely_benign	miRNA	ENSG00000283180
MIR484	884574	16	15643294	15643372	15643299	6	C	T	Uncertain_significance	miRNA	ENSG00000283736
MIR484	318016	16	15643294	15643372	15643320	27	G	A	Likely_benign	miRNA	ENSG00000283736
MIR484	884575	16	15643294	15643372	15643328	35	C	T	Uncertain_significance	miRNA	ENSG00000283736
MIR4721	741249	16	28843919	28844007	28843941	23	A	C	Likely_benign	miRNA	ENSG00000283845
MIR140	599186	16	69933081	69933180	69933104	24	A	G	Pathogenic	miRNA	ENSG00000208017
MIR6774	937117	16	85918347	85918416	85918411	65	C	A	Uncertain_significance	miRNA	ENSG00000274134
MIR6883	710104	17	8144994	8145071	8145000	7	A	G	Benign	miRNA	ENSG00000284117
SNORD118	929265	17	8173454	8173587	8173458	5	G	C	Likely_pathogenic	snoRNA	ENSG00000200463
SNORD118	929266	17	8173454	8173587	8173458	5	G	T	Pathogenic	snoRNA	ENSG00000200463
SNORD118	929267	17	8173454	8173587	8173459	6	A	G	Pathogenic	snoRNA	ENSG00000200463
SNORD118	929268	17	8173454	8173587	8173462	9	G	C	Pathogenic	snoRNA	ENSG00000200463
SNORD118	929269	17	8173454	8173587	8173463	10	G	A	Pathogenic	snoRNA	ENSG00000200463
SNORD118	973324	17	8173454	8173587	8173470	17	C	A	Uncertain_significance	snoRNA	ENSG00000200463
SNORD118	808223	17	8173454	8173587	8173476	23	G	A	Uncertain_significance	snoRNA	ENSG00000200463
SNORD118	929270	17	8173454	8173587	8173485	32	C	T	Pathogenic	snoRNA	ENSG00000200463
SNORD118	929271	17	8173454	8173587	8173486	33	C	T	Pathogenic	snoRNA	ENSG00000200463
SNORD118	929272	17	8173454	8173587	8173489	36	A	C	Pathogenic	snoRNA	ENSG00000200463
SNORD118	929273	17	8173454	8173587	8173507	54	T	C	Pathogenic	snoRNA	ENSG00000200463
SNORD118	929274	17	8173454	8173587	8173508	55	C	G	Pathogenic	snoRNA	ENSG00000200463
SNORD118	929275	17	8173454	8173587	8173508	55	C	T	Pathogenic	snoRNA	ENSG00000200463
SNORD118	929277	17	8173454	8173587	8173514	61	T	C	Pathogenic	snoRNA	ENSG00000200463
SNORD118	929276	17	8173454	8173587	8173514	61	T	G	Pathogenic	snoRNA	ENSG00000200463
SNORD118	929278	17	8173454	8173587	8173515	62	C	T	Pathogenic	snoRNA	ENSG00000200463
SNORD118	929279	17	8173454	8173587	8173516	63	A	C	Pathogenic	snoRNA	ENSG00000200463
SNORD118	929280	17	8173454	8173587	8173517	64	T	C	Pathogenic	snoRNA	ENSG00000200463
SNORD118	929281	17	8173454	8173587	8173525	72	C	T	Pathogenic	snoRNA	ENSG00000200463
SNORD118	929282	17	8173454	8173587	8173528	75	T	C	Pathogenic	snoRNA	ENSG00000200463
SNORD118	929284	17	8173454	8173587	8173529	76	C	G	Pathogenic	snoRNA	ENSG00000200463
SNORD118	929285	17	8173454	8173587	8173530	77	A	C	Pathogenic	snoRNA	ENSG00000200463
SNORD118	265787	17	8173454	8173587	8173531	78	T	C	Pathogenic	snoRNA	ENSG00000200463
SNORD118	929287	17	8173454	8173587	8173532	79	C	A	Pathogenic	snoRNA	ENSG00000200463
SNORD118	265786	17	8173454	8173587	8173532	79	C	T	Pathogenic	snoRNA	ENSG00000200463
SNORD118	624094	17	8173454	8173587	8173533	80	A	G	Uncertain_significance	snoRNA	ENSG00000200463
SNORD118	929289	17	8173454	8173587	8173547	94	C	T	Pathogenic	snoRNA	ENSG00000200463
SNORD118	929291	17	8173454	8173587	8173550	97	C	A	Pathogenic	snoRNA	ENSG00000200463
SNORD118	929290	17	8173454	8173587	8173550	97	C	G	Pathogenic	snoRNA	ENSG00000200463
SNORD118	808224	17	8173454	8173587	8173558	105	G	A	Uncertain_significance	snoRNA	ENSG00000200463
SNORD118	808225	17	8173454	8173587	8173565	112	G	A	Likely_pathogenic	snoRNA	ENSG00000200463
SNORD118	522852	17	8173454	8173587	8173569	116	G	A	Uncertain_significance	snoRNA	ENSG00000200463
SNORD118	929292	17	8173454	8173587	8173581	128	C	G	Pathogenic	snoRNA	ENSG00000200463
SNORD118	929293	17	8173454	8173587	8173581	128	C	T	Pathogenic	snoRNA	ENSG00000200463
SNORD118	522851	17	8173454	8173587	8173586	133	G	A	Uncertain_significance	snoRNA	ENSG00000200463
SNORD118	929294	17	8173454	8173587	8173586	133	G	T	Pathogenic	snoRNA	ENSG00000200463
SNORD118	929295	17	8173454	8173587	8173587	134	A	G	Pathogenic	snoRNA	ENSG00000200463
MIR6778	740690	17	18340814	18340886	18340819	6	G	C	Likely_benign	miRNA	ENSG00000283772
MIR4321	8624	19	2250639	2250718	2250667	29	C	T	Pathogenic	miRNA	ENSG00000284272
MIR4321	390467	19	2250639	2250718	2250712	74	G	C	Uncertain_significance	miRNA	ENSG00000284272
MIR7108	475787	19	2434914	2435000	2434921	8	G	A	Likely_benign	miRNA	ENSG00000283728
MIR7108	542444	19	2434914	2435000	2434993	80	G	A	Likely_benign	miRNA	ENSG00000283728
MIR638	533826	19	10718404	10718503	10718406	3	G	A	Uncertain_significance	miRNA	ENSG00000207972
MIR6793	509375	19	10828973	10829035	10829031	59	C	T	Benign/Likely_benign	miRNA	ENSG00000275640
MIR6886	413776	19	11113474	11113534	11113481	8	C	T	Benign	miRNA	ENSG00000284553
MIR6886	440636	19	11113474	11113534	11113504	31	G	A	Benign	miRNA	ENSG00000284553
MIR6886	251806	19	11113474	11113534	11113505	32	C	T	Benign	miRNA	ENSG00000284553
MIR6886	251807	19	11113474	11113534	11113506	33	G	A	Likely_benign	miRNA	ENSG00000284553
MIR6886	441213	19	11113474	11113534	11113508	35	T	G	Uncertain_significance	miRNA	ENSG00000284553
MIR6886	922094	19	11113474	11113534	11113509	36	G	A	Likely_benign	miRNA	ENSG00000284553
MIR6886	430775	19	11113474	11113534	11113510	37	A	G	Pathogenic	miRNA	ENSG00000284553
MIR6886	926244	19	11113474	11113534	11113521	48	T	G	Likely_benign	miRNA	ENSG00000284553
MIR6886	256366	19	11113474	11113534	11113522	49	C	T	Likely_benign	miRNA	ENSG00000284553
MIR6886	926525	19	11113474	11113534	11113525	52	C	T	Likely_benign	miRNA	ENSG00000284553
MIR6886	431527	19	11113474	11113534	11113529	56	C	T	Conflicting_interpretations_of_pathogenicity	miRNA	ENSG00000284553
MIR6886	251808	19	11113474	11113534	11113530	57	C	G	Conflicting_interpretations_of_pathogenicity	miRNA	ENSG00000284553
MIR6886	251809	19	11113474	11113534	11113531	58	T	C	Likely_benign	miRNA	ENSG00000284553
MIR6886	251810	19	11113474	11113534	11113532	59	C	T	Likely_benign	miRNA	ENSG00000284553
MIR6886	162499	19	11113474	11113534	11113534	61	G	A	Pathogenic/Likely_pathogenic	miRNA	ENSG00000284553
MIR6886	251811	19	11113474	11113534	11113534	61	G	C	Pathogenic/Likely_pathogenic	miRNA	ENSG00000284553
MIR6795	328396	19	15179283	15179350	15179297	15	G	A	Benign	miRNA	ENSG00000275711
MIR6795	811006	19	15179283	15179350	15179314	32	G	A	Benign	miRNA	ENSG00000275711
MIR5196	723866	19	35345513	35345627	35345594	82	C	T	Likely_benign	miRNA	ENSG00000284034
MIR6797	894444	19	41869627	41869698	41869694	68	C	G	Uncertain_significance	miRNA	ENSG00000276926
MIR6800	658924	19	49832018	49832099	49832019	2	C	G	Uncertain_significance	miRNA	ENSG00000284114
MIR6800	476799	19	49832018	49832099	49832092	75	G	A	Likely_benign	miRNA	ENSG00000284114
MIR6800	476800	19	49832018	49832099	49832092	75	G	T	Likely_benign	miRNA	ENSG00000284114
MIR4761	828965	22	19963753	19963834	19963756	4	C	G	drug_response	miRNA	ENSG00000284031
MIR4761	749686	22	19963753	19963834	19963767	15	T	C	Likely_benign	miRNA	ENSG00000284031
MT-TF	689805	MT	577	647	578	2	T	C	Likely_pathogenic	Mt_tRNA	ENSG00000210049
MT-TF	689806	MT	577	647	579	3	T	C	Uncertain_significance	Mt_tRNA	ENSG00000210049
MT-TF	9573	MT	577	647	583	7	G	A	Pathogenic	Mt_tRNA	ENSG00000210049
MT-TF	30005	MT	577	647	586	10	G	A	Pathogenic	Mt_tRNA	ENSG00000210049
MT-TF	689807	MT	577	647	588	12	T	C	Uncertain_significance	Mt_tRNA	ENSG00000210049
MT-TF	870573	MT	577	647	590	14	A	G	Pathogenic	Mt_tRNA	ENSG00000210049
MT-TF	689808	MT	577	647	592	16	C	T	Benign	Mt_tRNA	ENSG00000210049
MT-TF	689809	MT	577	647	593	17	T	C	Benign	Mt_tRNA	ENSG00000210049
MT-TF	689811	MT	577	647	595	19	C	A	Likely_benign	Mt_tRNA	ENSG00000210049
MT-TF	689812	MT	577	647	595	19	C	T	Likely_benign	Mt_tRNA	ENSG00000210049
MT-TF	689813	MT	577	647	596	20	T	C	Benign	Mt_tRNA	ENSG00000210049
MT-TF	689814	MT	577	647	597	21	C	T	Benign	Mt_tRNA	ENSG00000210049
MT-TF	689816	MT	577	647	603	27	A	G	Likely_benign	Mt_tRNA	ENSG00000210049
MT-TF	689817	MT	577	647	606	30	A	G	Benign	Mt_tRNA	ENSG00000210049
MT-TF	30006	MT	577	647	608	32	A	G	Pathogenic	Mt_tRNA	ENSG00000210049
MT-TF	9574	MT	577	647	611	35	G	A	Pathogenic	Mt_tRNA	ENSG00000210049
MT-TF	9576	MT	577	647	616	40	T	C	Pathogenic	Mt_tRNA	ENSG00000210049
MT-TF	9577	MT	577	647	616	40	T	G	Pathogenic	Mt_tRNA	ENSG00000210049
MT-TF	689818	MT	577	647	618	42	T	C	Likely_pathogenic	Mt_tRNA	ENSG00000210049
MT-TF	689819	MT	577	647	619	43	T	C	Benign	Mt_tRNA	ENSG00000210049
MT-TF	689820	MT	577	647	621	45	A	G	Likely_benign	Mt_tRNA	ENSG00000210049
MT-TF	9575	MT	577	647	622	46	G	A	Pathogenic	Mt_tRNA	ENSG00000210049
MT-TF	689821	MT	577	647	624	48	C	T	Uncertain_significance	Mt_tRNA	ENSG00000210049
MT-TF	689822	MT	577	647	628	52	C	T	Uncertain_significance	Mt_tRNA	ENSG00000210049
MT-TF	689824	MT	577	647	629	53	T	A	Likely_benign	Mt_tRNA	ENSG00000210049
MT-TF	689823	MT	577	647	629	53	T	C	Benign	Mt_tRNA	ENSG00000210049
MT-TF	689825	MT	577	647	630	54	C	T	Benign	Mt_tRNA	ENSG00000210049
MT-TF	689826	MT	577	647	633	57	A	G	Benign	Mt_tRNA	ENSG00000210049
MT-TF	689827	MT	577	647	634	58	T	A	Benign	Mt_tRNA	ENSG00000210049
MT-TF	689828	MT	577	647	634	58	T	C	Benign	Mt_tRNA	ENSG00000210049
MT-TF	689829	MT	577	647	635	59	C	T	Benign	Mt_tRNA	ENSG00000210049
MT-TF	689830	MT	577	647	643	67	A	G	Uncertain_significance	Mt_tRNA	ENSG00000210049
MT-TF	689831	MT	577	647	644	68	A	G	Benign	Mt_tRNA	ENSG00000210049
MT-TF	689832	MT	577	647	647	71	A	G	Benign	Mt_tRNA	ENSG00000210049
MT-TV	9548	MT	1602	1670	1606	5	G	A	Pathogenic	Mt_tRNA	ENSG00000210077
MT-TV	689833	MT	1602	1670	1607	6	T	C	Benign	Mt_tRNA	ENSG00000210077
MT-TV	689834	MT	1602	1670	1608	7	G	A	Uncertain_significance	Mt_tRNA	ENSG00000210077
MT-TV	689835	MT	1602	1670	1617	16	C	T	Likely_benign	Mt_tRNA	ENSG00000210077
MT-TV	689836	MT	1602	1670	1618	17	A	G	Likely_benign	Mt_tRNA	ENSG00000210077
MT-TV	618222	MT	1602	1670	1619	18	C	T	Conflicting_interpretations_of_pathogenicity	Mt_tRNA	ENSG00000210077
MT-TV	9549	MT	1602	1670	1624	23	C	T	Likely_pathogenic	Mt_tRNA	ENSG00000210077
MT-TV	689838	MT	1602	1670	1628	27	C	T	Likely_benign	Mt_tRNA	ENSG00000210077
MT-TV	689839	MT	1602	1670	1629	28	A	G	Uncertain_significance	Mt_tRNA	ENSG00000210077
MT-TV	689840	MT	1602	1670	1630	29	A	G	Likely_pathogenic	Mt_tRNA	ENSG00000210077
MT-TV	689841	MT	1602	1670	1631	30	C	T	Uncertain_significance	Mt_tRNA	ENSG00000210077
MT-TV	689842	MT	1602	1670	1636	35	A	G	Uncertain_significance	Mt_tRNA	ENSG00000210077
MT-TV	689843	MT	1602	1670	1638	37	T	C	Uncertain_significance	Mt_tRNA	ENSG00000210077
MT-TV	689844	MT	1602	1670	1640	39	A	G	Likely_benign	Mt_tRNA	ENSG00000210077
MT-TV	689845	MT	1602	1670	1641	40	G	A	Uncertain_significance	Mt_tRNA	ENSG00000210077
MT-TV	684496	MT	1602	1670	1643	42	A	G	Uncertain_significance	Mt_tRNA	ENSG00000210077
MT-TV	689846	MT	1602	1670	1644	43	G	A	Pathogenic	Mt_tRNA	ENSG00000210077
MT-TV	155890	MT	1602	1670	1644	43	G	T	Pathogenic	Mt_tRNA	ENSG00000210077
MT-TV	689847	MT	1602	1670	1646	45	T	C	Benign	Mt_tRNA	ENSG00000210077
MT-TV	689848	MT	1602	1670	1654	53	T	C	Uncertain_significance	Mt_tRNA	ENSG00000210077
MT-TV	370044	MT	1602	1670	1655	54	A	G	Uncertain_significance	Mt_tRNA	ENSG00000210077
MT-TV	689850	MT	1602	1670	1657	56	C	T	Benign	Mt_tRNA	ENSG00000210077
MT-TV	689851	MT	1602	1670	1658	57	T	C	Uncertain_significance	Mt_tRNA	ENSG00000210077
MT-TV	689852	MT	1602	1670	1659	58	T	C	Likely_pathogenic	Mt_tRNA	ENSG00000210077
MT-TV	370043	MT	1602	1670	1661	60	A	G	Uncertain_significance	Mt_tRNA	ENSG00000210077
MT-TV	689853	MT	1602	1670	1664	63	G	A	Benign	Mt_tRNA	ENSG00000210077
MT-TV	689854	MT	1602	1670	1670	69	A	T	Benign	Mt_tRNA	ENSG00000210077
MT-TL1	689855	MT	3230	3304	3236	7	A	G	Benign	Mt_tRNA	ENSG00000209082
MT-TL1	9600	MT	3230	3304	3242	13	G	A	Likely_pathogenic	Mt_tRNA	ENSG00000209082
MT-TL1	9589	MT	3230	3304	3243	14	A	G	Pathogenic	Mt_tRNA	ENSG00000209082
MT-TL1	689856	MT	3230	3304	3243	14	A	T	Pathogenic	Mt_tRNA	ENSG00000209082
MT-TL1	689857	MT	3230	3304	3248	19	G	A	Uncertain_significance	Mt_tRNA	ENSG00000209082
MT-TL1	9599	MT	3230	3304	3249	20	G	A	Pathogenic	Mt_tRNA	ENSG00000209082
MT-TL1	9593	MT	3230	3304	3250	21	T	C	Uncertain_significance	Mt_tRNA	ENSG00000209082
MT-TL1	9595	MT	3230	3304	3251	22	A	G	Pathogenic	Mt_tRNA	ENSG00000209082
MT-TL1	9594	MT	3230	3304	3252	23	A	G	Likely_pathogenic	Mt_tRNA	ENSG00000209082
MT-TL1	689858	MT	3230	3304	3252	23	A	T	Uncertain_significance	Mt_tRNA	ENSG00000209082
MT-TL1	689860	MT	3230	3304	3254	25	C	A	Benign	Mt_tRNA	ENSG00000209082
MT-TL1	689859	MT	3230	3304	3254	25	C	T	Likely_benign	Mt_tRNA	ENSG00000209082
MT-TL1	689861	MT	3230	3304	3255	26	G	A	Pathogenic	Mt_tRNA	ENSG00000209082
MT-TL1	9591	MT	3230	3304	3256	27	C	T	Pathogenic	Mt_tRNA	ENSG00000209082
MT-TL1	9596	MT	3230	3304	3260	31	A	G	Pathogenic	Mt_tRNA	ENSG00000209082
MT-TL1	689862	MT	3230	3304	3261	32	A	G	Likely_benign	Mt_tRNA	ENSG00000209082
MT-TL1	689863	MT	3230	3304	3263	34	C	T	Uncertain_significance	Mt_tRNA	ENSG00000209082
MT-TL1	689864	MT	3230	3304	3269	40	A	G	Uncertain_significance	Mt_tRNA	ENSG00000209082
MT-TL1	9590	MT	3230	3304	3271	42	T	C	Pathogenic	Mt_tRNA	ENSG00000209082
MT-TL1	689865	MT	3230	3304	3272	43	T	C	Uncertain_significance	Mt_tRNA	ENSG00000209082
MT-TL1	9598	MT	3230	3304	3274	45	A	G	Pathogenic	Mt_tRNA	ENSG00000209082
MT-TL1	689867	MT	3230	3304	3275	46	C	A	Likely_benign	Mt_tRNA	ENSG00000209082
MT-TL1	689866	MT	3230	3304	3275	46	C	G	Likely_benign	Mt_tRNA	ENSG00000209082
MT-TL1	370045	MT	3230	3304	3275	46	C	T	Benign	Mt_tRNA	ENSG00000209082
MT-TL1	235016	MT	3230	3304	3276	47	A	G	Uncertain_significance	Mt_tRNA	ENSG00000209082
MT-TL1	689868	MT	3230	3304	3277	48	G	A	Benign	Mt_tRNA	ENSG00000209082
MT-TL1	689869	MT	3230	3304	3278	49	T	C	Benign	Mt_tRNA	ENSG00000209082
MT-TL1	689870	MT	3230	3304	3288	59	A	G	Likely_pathogenic	Mt_tRNA	ENSG00000209082
MT-TL1	930602	MT	3230	3304	3290	61	T	A	Uncertain_significance	Mt_tRNA	ENSG00000209082
MT-TL1	9597	MT	3230	3304	3290	61	T	C	Benign	Mt_tRNA	ENSG00000209082
MT-TL1	223247	MT	3230	3304	3291	62	T	C	Pathogenic	Mt_tRNA	ENSG00000209082
MT-TL1	689871	MT	3230	3304	3302	73	A	G	Pathogenic	Mt_tRNA	ENSG00000209082
MT-TL1	9592	MT	3230	3304	3303	74	C	T	Pathogenic	Mt_tRNA	ENSG00000209082
MT-TI	689872	MT	4263	4331	4264	2	G	A	Uncertain_significance	Mt_tRNA	ENSG00000210100
MT-TI	9602	MT	4263	4331	4269	7	A	G	Pathogenic	Mt_tRNA	ENSG00000210100
MT-TI	235012	MT	4263	4331	4277	15	T	C	Benign	Mt_tRNA	ENSG00000210100
MT-TI	180710	MT	4263	4331	4279	17	A	G	Pathogenic	Mt_tRNA	ENSG00000210100
MT-TI	9604	MT	4263	4331	4284	22	G	A	Likely_pathogenic	Mt_tRNA	ENSG00000210100
MT-TI	9605	MT	4263	4331	4290	28	T	C	Uncertain_significance	Mt_tRNA	ENSG00000210100
MT-TI	9607	MT	4263	4331	4291	29	T	C	Pathogenic	Mt_tRNA	ENSG00000210100
MT-TI	9603	MT	4263	4331	4295	33	A	G	Conflicting_interpretations_of_pathogenicity	Mt_tRNA	ENSG00000210100
MT-TI	689873	MT	4263	4331	4296	34	G	A	Likely_pathogenic	Mt_tRNA	ENSG00000210100
MT-TI	689874	MT	4263	4331	4298	36	G	A	Pathogenic	Mt_tRNA	ENSG00000210100
MT-TI	9606	MT	4263	4331	4300	38	A	G	Pathogenic/Likely_pathogenic	Mt_tRNA	ENSG00000210100
MT-TI	618731	MT	4263	4331	4305	43	A	G	Uncertain_significance	Mt_tRNA	ENSG00000210100
MT-TI	689875	MT	4263	4331	4308	46	G	A	Likely_pathogenic	Mt_tRNA	ENSG00000210100
MT-TI	689876	MT	4263	4331	4310	48	A	G	Benign	Mt_tRNA	ENSG00000210100
MT-TI	689877	MT	4263	4331	4312	50	C	T	Benign	Mt_tRNA	ENSG00000210100
MT-TI	689878	MT	4263	4331	4313	51	T	C	Benign	Mt_tRNA	ENSG00000210100
MT-TI	689880	MT	4263	4331	4314	52	T	A	Benign	Mt_tRNA	ENSG00000210100
MT-TI	689879	MT	4263	4331	4314	52	T	C	Benign	Mt_tRNA	ENSG00000210100
MT-TI	235013	MT	4263	4331	4315	53	A	G	Uncertain_significance	Mt_tRNA	ENSG00000210100
MT-TI	235014	MT	4263	4331	4316	54	A	G	Benign	Mt_tRNA	ENSG00000210100
MT-TI	9601	MT	4263	4331	4317	55	A	G	Benign	Mt_tRNA	ENSG00000210100
MT-TI	689882	MT	4263	4331	4318	56	C	T	Likely_benign	Mt_tRNA	ENSG00000210100
MT-TI	689884	MT	4263	4331	4320	58	C	A	Uncertain_significance	Mt_tRNA	ENSG00000210100
MT-TI	689883	MT	4263	4331	4320	58	C	T	Uncertain_significance	Mt_tRNA	ENSG00000210100
MT-TI	689885	MT	4263	4331	4327	65	T	C	Uncertain_significance	Mt_tRNA	ENSG00000210100
MT-TQ	9616	MT	4329	4400	4332	4	G	A	Pathogenic	Mt_tRNA	ENSG00000210107
MT-TQ	689886	MT	4329	4400	4335	7	C	T	Benign	Mt_tRNA	ENSG00000210107
MT-TQ	9615	MT	4329	4400	4336	8	T	C	Conflicting_interpretations_of_pathogenicity	Mt_tRNA	ENSG00000210107
MT-TQ	689887	MT	4329	4400	4339	11	G	A	Uncertain_significance	Mt_tRNA	ENSG00000210107
MT-TQ	689888	MT	4329	4400	4340	12	A	G	Benign	Mt_tRNA	ENSG00000210107
MT-TQ	689889	MT	4329	4400	4343	15	A	G	Benign	Mt_tRNA	ENSG00000210107
MT-TQ	689890	MT	4329	4400	4350	22	C	T	Benign	Mt_tRNA	ENSG00000210107
MT-TQ	689891	MT	4329	4400	4353	25	T	C	Benign	Mt_tRNA	ENSG00000210107
MT-TQ	689892	MT	4329	4400	4360	32	G	A	Uncertain_significance	Mt_tRNA	ENSG00000210107
MT-TQ	235017	MT	4329	4400	4363	35	T	C	Benign	Mt_tRNA	ENSG00000210107
MT-TQ	689893	MT	4329	4400	4370	42	T	C	Benign	Mt_tRNA	ENSG00000210107
MT-TQ	689894	MT	4329	4400	4371	43	T	C	Benign	Mt_tRNA	ENSG00000210107
MT-TQ	689895	MT	4329	4400	4372	44	C	T	Likely_pathogenic	Mt_tRNA	ENSG00000210107
MT-TQ	689896	MT	4329	4400	4373	45	T	C	Benign	Mt_tRNA	ENSG00000210107
MT-TQ	689897	MT	4329	4400	4375	47	C	T	Likely_benign	Mt_tRNA	ENSG00000210107
MT-TQ	689898	MT	4329	4400	4381	53	A	G	Benign	Mt_tRNA	ENSG00000210107
MT-TQ	689900	MT	4329	4400	4384	56	T	A	Likely_benign	Mt_tRNA	ENSG00000210107
MT-TQ	689899	MT	4329	4400	4384	56	T	C	Benign	Mt_tRNA	ENSG00000210107
MT-TQ	689902	MT	4329	4400	4385	57	A	G	Likely_benign	Mt_tRNA	ENSG00000210107
MT-TQ	689901	MT	4329	4400	4385	57	A	T	Benign	Mt_tRNA	ENSG00000210107
MT-TQ	689903	MT	4329	4400	4386	58	T	C	Benign	Mt_tRNA	ENSG00000210107
MT-TQ	689904	MT	4329	4400	4387	59	C	T	Likely_benign	Mt_tRNA	ENSG00000210107
MT-TQ	235438	MT	4329	4400	4388	60	A	G	Conflicting_interpretations_of_pathogenicity	Mt_tRNA	ENSG00000210107
MT-TQ	689905	MT	4329	4400	4394	66	C	A	Benign	Mt_tRNA	ENSG00000210107
MT-TQ	689906	MT	4329	4400	4395	67	A	G	Benign	Mt_tRNA	ENSG00000210107
MT-TQ	689907	MT	4329	4400	4399	71	T	C	Uncertain_significance	Mt_tRNA	ENSG00000210107
MT-TQ	689908	MT	4329	4400	4400	72	A	G	Uncertain_significance	Mt_tRNA	ENSG00000210107
MT-TM	9578	MT	4402	4469	4409	8	T	C	Pathogenic	Mt_tRNA	ENSG00000210112
MT-TM	689909	MT	4402	4469	4417	16	A	G	Likely_benign	Mt_tRNA	ENSG00000210112
MT-TM	689910	MT	4402	4469	4418	17	T	C	Benign	Mt_tRNA	ENSG00000210112
MT-TM	689911	MT	4402	4469	4429	28	G	A	Uncertain_significance	Mt_tRNA	ENSG00000210112
MT-TM	689912	MT	4402	4469	4435	34	A	G	Benign	Mt_tRNA	ENSG00000210112
MT-TM	689913	MT	4402	4469	4437	36	C	T	Likely_pathogenic	Mt_tRNA	ENSG00000210112
MT-TM	689914	MT	4402	4469	4451	50	T	G	Uncertain_significance	Mt_tRNA	ENSG00000210112
MT-TM	689915	MT	4402	4469	4452	51	T	C	Benign	Mt_tRNA	ENSG00000210112
MT-TM	689917	MT	4402	4469	4454	53	T	A	Benign	Mt_tRNA	ENSG00000210112
MT-TM	689916	MT	4402	4469	4454	53	T	C	Benign	Mt_tRNA	ENSG00000210112
MT-TM	689918	MT	4402	4469	4455	54	A	G	Uncertain_significance	Mt_tRNA	ENSG00000210112
MT-TM	689919	MT	4402	4469	4456	55	C	T	Uncertain_significance	Mt_tRNA	ENSG00000210112
MT-TM	689920	MT	4402	4469	4464	63	G	A	Benign	Mt_tRNA	ENSG00000210112
MT-TM	689921	MT	4402	4469	4466	65	A	G	Uncertain_significance	Mt_tRNA	ENSG00000210112
MT-TW	689922	MT	5512	5579	5514	3	A	G	Benign	Mt_tRNA	ENSG00000210117
MT-TW	689923	MT	5512	5579	5515	4	A	G	Benign	Mt_tRNA	ENSG00000210117
MT-TW	689924	MT	5512	5579	5516	5	A	G	Likely_benign	Mt_tRNA	ENSG00000210117
MT-TW	9556	MT	5512	5579	5521	10	G	A	Pathogenic	Mt_tRNA	ENSG00000210117
MT-TW	155882	MT	5512	5579	5523	12	T	G	Pathogenic	Mt_tRNA	ENSG00000210117
MT-TW	689925	MT	5512	5579	5524	13	T	C	Uncertain_significance	Mt_tRNA	ENSG00000210117
MT-TW	689926	MT	5512	5579	5527	16	A	G	Benign	Mt_tRNA	ENSG00000210117
MT-TW	689927	MT	5512	5579	5528	17	T	C	Benign	Mt_tRNA	ENSG00000210117
MT-TW	689928	MT	5512	5579	5530	19	C	T	Benign	Mt_tRNA	ENSG00000210117
MT-TW	9557	MT	5512	5579	5532	21	G	A	Pathogenic	Mt_tRNA	ENSG00000210117
MT-TW	689930	MT	5512	5579	5538	27	G	A	Pathogenic	Mt_tRNA	ENSG00000210117
MT-TW	689931	MT	5512	5579	5539	28	A	G	Benign	Mt_tRNA	ENSG00000210117
MT-TW	689932	MT	5512	5579	5539	28	A	T	Likely_benign	Mt_tRNA	ENSG00000210117
MT-TW	689933	MT	5512	5579	5540	29	G	A	Pathogenic	Mt_tRNA	ENSG00000210117
MT-TW	689934	MT	5512	5579	5542	31	C	T	Uncertain_significance	Mt_tRNA	ENSG00000210117
MT-TW	689935	MT	5512	5579	5543	32	T	C	Pathogenic	Mt_tRNA	ENSG00000210117
MT-TW	689936	MT	5512	5579	5544	33	T	C	Uncertain_significance	Mt_tRNA	ENSG00000210117
MT-TW	9558	MT	5512	5579	5545	34	C	T	Pathogenic	Mt_tRNA	ENSG00000210117
MT-TW	9554	MT	5512	5579	5549	38	G	A	Pathogenic	Mt_tRNA	ENSG00000210117
MT-TW	689937	MT	5512	5579	5550	39	C	T	Uncertain_significance	Mt_tRNA	ENSG00000210117
MT-TW	235498	MT	5512	5579	5553	42	T	C	Benign/Likely_benign	Mt_tRNA	ENSG00000210117
MT-TW	689938	MT	5512	5579	5553	42	T	G	Likely_benign	Mt_tRNA	ENSG00000210117
MT-TW	689939	MT	5512	5579	5554	43	C	A	Benign	Mt_tRNA	ENSG00000210117
MT-TW	30007	MT	5512	5579	5556	45	G	A	Pathogenic	Mt_tRNA	ENSG00000210117
MT-TW	689940	MT	5512	5579	5557	46	T	C	Benign	Mt_tRNA	ENSG00000210117
MT-TW	689941	MT	5512	5579	5558	47	A	G	Benign	Mt_tRNA	ENSG00000210117
MT-TW	155884	MT	5512	5579	5559	48	A	G	Uncertain_significance	Mt_tRNA	ENSG00000210117
MT-TW	689942	MT	5512	5579	5560	49	G	A	Uncertain_significance	Mt_tRNA	ENSG00000210117
MT-TW	441156	MT	5512	5579	5561	50	T	C	Likely_benign	Mt_tRNA	ENSG00000210117
MT-TW	689943	MT	5512	5579	5563	52	G	A	Benign	Mt_tRNA	ENSG00000210117
MT-TW	689944	MT	5512	5579	5566	55	A	G	Likely_benign	Mt_tRNA	ENSG00000210117
MT-TW	689945	MT	5512	5579	5567	56	T	C	Benign	Mt_tRNA	ENSG00000210117
MT-TW	689946	MT	5512	5579	5568	57	A	G	Benign	Mt_tRNA	ENSG00000210117
MT-TW	689947	MT	5512	5579	5573	62	A	G	Uncertain_significance	Mt_tRNA	ENSG00000210117
MT-TW	689948	MT	5512	5579	5575	64	T	C	Uncertain_significance	Mt_tRNA	ENSG00000210117
MT-TA	689949	MT	5587	5655	5590	4	G	A	Uncertain_significance	Mt_tRNA	ENSG00000210127
MT-TA	9625	MT	5587	5655	5591	5	G	A	Pathogenic	Mt_tRNA	ENSG00000210127
MT-TA	689950	MT	5587	5655	5592	6	A	G	Benign	Mt_tRNA	ENSG00000210127
MT-TA	689951	MT	5587	5655	5600	14	A	G	Likely_benign	Mt_tRNA	ENSG00000210127
MT-TA	689952	MT	5587	5655	5601	15	C	T	Benign	Mt_tRNA	ENSG00000210127
MT-TA	689953	MT	5587	5655	5603	17	C	T	Benign	Mt_tRNA	ENSG00000210127
MT-TA	689954	MT	5587	5655	5604	18	C	T	Likely_benign	Mt_tRNA	ENSG00000210127
MT-TA	689955	MT	5587	5655	5605	19	A	G	Benign	Mt_tRNA	ENSG00000210127
MT-TA	689956	MT	5587	5655	5607	21	T	C	Uncertain_significance	Mt_tRNA	ENSG00000210127
MT-TA	689957	MT	5587	5655	5608	22	C	T	Likely_benign	Mt_tRNA	ENSG00000210127
MT-TA	689958	MT	5587	5655	5609	23	T	C	Uncertain_significance	Mt_tRNA	ENSG00000210127
MT-TA	162370	MT	5587	5655	5610	24	G	A	Pathogenic	Mt_tRNA	ENSG00000210127
MT-TA	689959	MT	5587	5655	5618	32	T	C	Benign	Mt_tRNA	ENSG00000210127
MT-TA	689960	MT	5587	5655	5619	33	G	A	Uncertain_significance	Mt_tRNA	ENSG00000210127
MT-TA	689961	MT	5587	5655	5628	42	T	C	Benign	Mt_tRNA	ENSG00000210127
MT-TA	162369	MT	5587	5655	5631	45	G	A	Pathogenic	Mt_tRNA	ENSG00000210127
MT-TA	689962	MT	5587	5655	5633	47	C	T	Benign	Mt_tRNA	ENSG00000210127
MT-TA	689963	MT	5587	5655	5640	54	A	G	Likely_benign	Mt_tRNA	ENSG00000210127
MT-TA	689964	MT	5587	5655	5645	59	G	A	Uncertain_significance	Mt_tRNA	ENSG00000210127
MT-TA	9624	MT	5587	5655	5650	64	G	A	Pathogenic	Mt_tRNA	ENSG00000210127
MT-TA	689965	MT	5587	5655	5654	68	T	C	Uncertain_significance	Mt_tRNA	ENSG00000210127
MT-TA	689966	MT	5587	5655	5655	69	T	C	Benign	Mt_tRNA	ENSG00000210127
MT-TN	689967	MT	5657	5729	5661	5	A	G	Uncertain_significance	Mt_tRNA	ENSG00000210135
MT-TN	689968	MT	5657	5729	5662	6	C	T	Likely_benign	Mt_tRNA	ENSG00000210135
MT-TN	689969	MT	5657	5729	5663	7	C	T	Benign	Mt_tRNA	ENSG00000210135
MT-TN	689970	MT	5657	5729	5664	8	A	G	Benign	Mt_tRNA	ENSG00000210135
MT-TN	689971	MT	5657	5729	5665	9	A	G	Benign	Mt_tRNA	ENSG00000210135
MT-TN	560167	MT	5657	5729	5667	11	G	A	Pathogenic	Mt_tRNA	ENSG00000210135
MT-TN	689972	MT	5657	5729	5669	13	G	A	Uncertain_significance	Mt_tRNA	ENSG00000210135
MT-TN	689973	MT	5657	5729	5672	16	T	C	Uncertain_significance	Mt_tRNA	ENSG00000210135
MT-TN	689974	MT	5657	5729	5673	17	T	C	Benign	Mt_tRNA	ENSG00000210135
MT-TN	689975	MT	5657	5729	5686	30	A	T	Benign	Mt_tRNA	ENSG00000210135
MT-TN	9621	MT	5657	5729	5692	36	T	C	Pathogenic	Mt_tRNA	ENSG00000210135
MT-TN	689976	MT	5657	5729	5693	37	T	C	Uncertain_significance	Mt_tRNA	ENSG00000210135
MT-TN	812543	MT	5657	5729	5702	46	A	G	Likely_pathogenic	Mt_tRNA	ENSG00000210135
MT-TN	9620	MT	5657	5729	5703	47	G	A	Pathogenic	Mt_tRNA	ENSG00000210135
MT-TN	689977	MT	5657	5729	5705	49	A	G	Likely_benign	Mt_tRNA	ENSG00000210135
MT-TN	689978	MT	5657	5729	5708	52	C	A	Uncertain_significance	Mt_tRNA	ENSG00000210135
MT-TN	689979	MT	5657	5729	5711	55	A	G	Benign	Mt_tRNA	ENSG00000210135
MT-TN	689980	MT	5657	5729	5715	59	A	G	Benign	Mt_tRNA	ENSG00000210135
MT-TN	9622	MT	5657	5729	5728	72	T	C	Pathogenic	Mt_tRNA	ENSG00000210135
MT-TC	689981	MT	5761	5826	5772	12	G	A	Benign	Mt_tRNA	ENSG00000210140
MT-TC	689982	MT	5761	5826	5773	13	G	A	Benign	Mt_tRNA	ENSG00000210140
MT-TC	689983	MT	5761	5826	5774	14	T	C	Benign	Mt_tRNA	ENSG00000210140
MT-TC	689984	MT	5761	5826	5774	14	T	G	Benign	Mt_tRNA	ENSG00000210140
MT-TC	689985	MT	5761	5826	5775	15	T	C	Benign	Mt_tRNA	ENSG00000210140
MT-TC	689986	MT	5761	5826	5780	20	G	A	Benign	Mt_tRNA	ENSG00000210140
MT-TC	689987	MT	5761	5826	5783	23	G	A	Benign	Mt_tRNA	ENSG00000210140
MT-TC	689988	MT	5761	5826	5785	25	T	C	Benign	Mt_tRNA	ENSG00000210140
MT-TC	689989	MT	5761	5826	5786	26	T	C	Benign	Mt_tRNA	ENSG00000210140
MT-TC	689991	MT	5761	5826	5788	28	T	C	Benign	Mt_tRNA	ENSG00000210140
MT-TC	689992	MT	5761	5826	5791	31	G	A	Uncertain_significance	Mt_tRNA	ENSG00000210140
MT-TC	689993	MT	5761	5826	5793	33	A	G	Uncertain_significance	Mt_tRNA	ENSG00000210140
MT-TC	689994	MT	5761	5826	5794	34	T	C	Benign	Mt_tRNA	ENSG00000210140
MT-TC	689995	MT	5761	5826	5800	40	A	G	Likely_benign	Mt_tRNA	ENSG00000210140
MT-TC	689996	MT	5761	5826	5802	42	T	C	Uncertain_significance	Mt_tRNA	ENSG00000210140
MT-TC	689997	MT	5761	5826	5804	44	A	G	Uncertain_significance	Mt_tRNA	ENSG00000210140
MT-TC	689998	MT	5761	5826	5806	46	T	C	Benign	Mt_tRNA	ENSG00000210140
MT-TC	689999	MT	5761	5826	5807	47	A	G	Likely_benign	Mt_tRNA	ENSG00000210140
MT-TC	690000	MT	5761	5826	5809	49	G	A	Uncertain_significance	Mt_tRNA	ENSG00000210140
MT-TC	690001	MT	5761	5826	5811	51	A	G	Benign	Mt_tRNA	ENSG00000210140
MT-TC	690002	MT	5761	5826	5814	54	T	A	Likely_benign	Mt_tRNA	ENSG00000210140
MT-TC	30001	MT	5761	5826	5814	54	T	C	Conflicting_interpretations_of_pathogenicity	Mt_tRNA	ENSG00000210140
MT-TC	30002	MT	5761	5826	5816	56	A	G	Pathogenic	Mt_tRNA	ENSG00000210140
MT-TC	690003	MT	5761	5826	5817	57	C	T	Benign	Mt_tRNA	ENSG00000210140
MT-TC	690004	MT	5761	5826	5819	59	T	C	Uncertain_significance	Mt_tRNA	ENSG00000210140
MT-TC	690005	MT	5761	5826	5821	61	G	A	Benign	Mt_tRNA	ENSG00000210140
MT-TC	690006	MT	5761	5826	5822	62	G	A	Benign	Mt_tRNA	ENSG00000210140
MT-TC	690007	MT	5761	5826	5823	63	A	G	Benign	Mt_tRNA	ENSG00000210140
MT-TC	690008	MT	5761	5826	5824	64	G	A	Benign	Mt_tRNA	ENSG00000210140
MT-TY	690009	MT	5826	5891	5836	11	A	G	Benign	Mt_tRNA	ENSG00000210144
MT-TY	690010	MT	5826	5891	5837	12	G	A	Uncertain_significance	Mt_tRNA	ENSG00000210144
MT-TY	690011	MT	5826	5891	5839	14	C	T	Benign	Mt_tRNA	ENSG00000210144
MT-TY	690012	MT	5826	5891	5840	15	C	A	Uncertain_significance	Mt_tRNA	ENSG00000210144
MT-TY	690013	MT	5826	5891	5840	15	C	T	Likely_benign	Mt_tRNA	ENSG00000210144
MT-TY	690014	MT	5826	5891	5841	16	T	C	Uncertain_significance	Mt_tRNA	ENSG00000210144
MT-TY	9553	MT	5826	5891	5843	18	A	G	Benign	Mt_tRNA	ENSG00000210144
MT-TY	690015	MT	5826	5891	5846	21	C	T	Benign	Mt_tRNA	ENSG00000210144
MT-TY	690016	MT	5826	5891	5852	27	T	C	Uncertain_significance	Mt_tRNA	ENSG00000210144
MT-TY	690017	MT	5826	5891	5855	30	A	G	Likely_benign	Mt_tRNA	ENSG00000210144
MT-TY	690018	MT	5826	5891	5858	33	T	C	Uncertain_significance	Mt_tRNA	ENSG00000210144
MT-TY	690019	MT	5826	5891	5864	39	G	A	Uncertain_significance	Mt_tRNA	ENSG00000210144
MT-TY	690020	MT	5826	5891	5865	40	T	C	Uncertain_significance	Mt_tRNA	ENSG00000210144
MT-TY	690021	MT	5826	5891	5867	42	C	T	Likely_benign	Mt_tRNA	ENSG00000210144
MT-TY	9550	MT	5826	5891	5874	49	T	C	Pathogenic	Mt_tRNA	ENSG00000210144
MT-TY	690022	MT	5826	5891	5875	50	C	T	Likely_benign	Mt_tRNA	ENSG00000210144
MT-TY	690023	MT	5826	5891	5876	51	A	G	Likely_benign	Mt_tRNA	ENSG00000210144
MT-TY	9552	MT	5826	5891	5877	52	C	T	Pathogenic	Mt_tRNA	ENSG00000210144
MT-TY	690024	MT	5826	5891	5885	60	T	C	Uncertain_significance	Mt_tRNA	ENSG00000210144
MT-TY	690025	MT	5826	5891	5889	64	A	G	Uncertain_significance	Mt_tRNA	ENSG00000210144
MT-TS1	869395	MT	7446	7514	7453	8	G	A	Likely_pathogenic	Mt_tRNA	ENSG00000210151
MT-TS1	690026	MT	7446	7514	7460	15	A	G	Likely_benign	Mt_tRNA	ENSG00000210151
MT-TS1	631470	MT	7446	7514	7462	17	C	T	Pathogenic	Mt_tRNA	ENSG00000210151
MT-TS1	42224	MT	7446	7514	7468	23	C	T	Benign	Mt_tRNA	ENSG00000210151
MT-TS1	690027	MT	7446	7514	7469	24	C	T	Benign	Mt_tRNA	ENSG00000210151
MT-TS1	690028	MT	7446	7514	7471	26	C	A	Likely_benign	Mt_tRNA	ENSG00000210151
MT-TS1	42225	MT	7446	7514	7471	26	C	T	Benign/Likely_benign	Mt_tRNA	ENSG00000210151
MT-TS1	505297	MT	7446	7514	7472	27	A	T	Benign/Likely_benign	Mt_tRNA	ENSG00000210151
MT-TS1	42228	MT	7446	7514	7476	31	C	T	Benign/Likely_benign	Mt_tRNA	ENSG00000210151
MT-TS1	690029	MT	7446	7514	7478	33	G	A	Uncertain_significance	Mt_tRNA	ENSG00000210151
MT-TS1	690030	MT	7446	7514	7479	34	G	A	Uncertain_significance	Mt_tRNA	ENSG00000210151
MT-TS1	374215	MT	7446	7514	7486	41	G	A	Uncertain_significance	Mt_tRNA	ENSG00000210151
MT-TS1	690031	MT	7446	7514	7487	42	C	T	Uncertain_significance	Mt_tRNA	ENSG00000210151
MT-TS1	690032	MT	7446	7514	7490	45	A	G	Benign	Mt_tRNA	ENSG00000210151
MT-TS1	42229	MT	7446	7514	7493	48	C	T	Benign	Mt_tRNA	ENSG00000210151
MT-TS1	370049	MT	7446	7514	7496	51	T	C	Uncertain_significance	Mt_tRNA	ENSG00000210151
MT-TS1	9569	MT	7446	7514	7497	52	G	A	Pathogenic	Mt_tRNA	ENSG00000210151
MT-TS1	42230	MT	7446	7514	7498	53	G	A	Benign	Mt_tRNA	ENSG00000210151
MT-TS1	690033	MT	7446	7514	7499	54	C	A	Uncertain_significance	Mt_tRNA	ENSG00000210151
MT-TS1	690034	MT	7446	7514	7501	56	T	C	Benign	Mt_tRNA	ENSG00000210151
MT-TS1	228859	MT	7446	7514	7502	57	C	T	Conflicting_interpretations_of_pathogenicity	Mt_tRNA	ENSG00000210151
MT-TS1	40885	MT	7446	7514	7505	60	T	C	Pathogenic	Mt_tRNA	ENSG00000210151
MT-TS1	9565	MT	7446	7514	7510	65	T	C	Pathogenic	Mt_tRNA	ENSG00000210151
MT-TS1	9566	MT	7446	7514	7511	66	T	C	Pathogenic	Mt_tRNA	ENSG00000210151
MT-TS1	9562	MT	7446	7514	7512	67	T	C	Pathogenic	Mt_tRNA	ENSG00000210151
MT-TD	690035	MT	7518	7585	7518	1	A	G	Uncertain_significance	Mt_tRNA	ENSG00000210154
MT-TD	690036	MT	7518	7585	7520	3	G	A	Uncertain_significance	Mt_tRNA	ENSG00000210154
MT-TD	690037	MT	7518	7585	7521	4	G	A	Benign	Mt_tRNA	ENSG00000210154
MT-TD	690038	MT	7518	7585	7525	8	T	C	Uncertain_significance	Mt_tRNA	ENSG00000210154
MT-TD	9619	MT	7518	7585	7526	9	A	G	Pathogenic	Mt_tRNA	ENSG00000210154
MT-TD	690039	MT	7518	7585	7533	16	C	T	Benign	Mt_tRNA	ENSG00000210154
MT-TD	690040	MT	7518	7585	7534	17	C	T	Likely_benign	Mt_tRNA	ENSG00000210154
MT-TD	690041	MT	7518	7585	7538	21	T	C	Uncertain_significance	Mt_tRNA	ENSG00000210154
MT-TD	690042	MT	7518	7585	7543	26	A	G	Benign	Mt_tRNA	ENSG00000210154
MT-TD	690043	MT	7518	7585	7546	29	T	C	Likely_benign	Mt_tRNA	ENSG00000210154
MT-TD	690044	MT	7518	7585	7547	30	T	C	Benign	Mt_tRNA	ENSG00000210154
MT-TD	690045	MT	7518	7585	7552	35	A	G	Likely_benign	Mt_tRNA	ENSG00000210154
MT-TD	690046	MT	7518	7585	7555	38	T	C	Uncertain_significance	Mt_tRNA	ENSG00000210154
MT-TD	690047	MT	7518	7585	7559	42	A	G	Benign	Mt_tRNA	ENSG00000210154
MT-TD	690048	MT	7518	7585	7561	44	T	C	Benign	Mt_tRNA	ENSG00000210154
MT-TD	690049	MT	7518	7585	7562	45	A	G	Uncertain_significance	Mt_tRNA	ENSG00000210154
MT-TD	690050	MT	7518	7585	7566	49	G	A	Likely_pathogenic	Mt_tRNA	ENSG00000210154
MT-TD	690051	MT	7518	7585	7567	50	C	T	Likely_benign	Mt_tRNA	ENSG00000210154
MT-TD	690052	MT	7518	7585	7568	51	T	C	Benign	Mt_tRNA	ENSG00000210154
MT-TD	690054	MT	7518	7585	7569	52	A	G	Benign	Mt_tRNA	ENSG00000210154
MT-TD	690055	MT	7518	7585	7570	53	A	G	Benign	Mt_tRNA	ENSG00000210154
MT-TD	690056	MT	7518	7585	7572	55	T	C	Benign	Mt_tRNA	ENSG00000210154
MT-TD	690057	MT	7518	7585	7576	59	A	G	Likely_benign	Mt_tRNA	ENSG00000210154
MT-TD	690058	MT	7518	7585	7577	60	T	C	Uncertain_significance	Mt_tRNA	ENSG00000210154
MT-TD	690059	MT	7518	7585	7581	64	T	C	Benign	Mt_tRNA	ENSG00000210154
MT-TD	690060	MT	7518	7585	7582	65	C	T	Uncertain_significance	Mt_tRNA	ENSG00000210154
MT-TD	690061	MT	7518	7585	7585	68	A	G	Likely_benign	Mt_tRNA	ENSG00000210154
MT-TK	9584	MT	8295	8364	8296	2	A	G	Benign	Mt_tRNA	ENSG00000210156
MT-TK	690062	MT	8295	8364	8298	4	T	C	Likely_benign	Mt_tRNA	ENSG00000210156
MT-TK	690063	MT	8295	8364	8299	5	G	A	Likely_pathogenic	Mt_tRNA	ENSG00000210156
MT-TK	690064	MT	8295	8364	8300	6	T	C	Likely_benign	Mt_tRNA	ENSG00000210156
MT-TK	690065	MT	8295	8364	8301	7	A	G	Uncertain_significance	Mt_tRNA	ENSG00000210156
MT-TK	690066	MT	8295	8364	8308	14	A	G	Benign	Mt_tRNA	ENSG00000210156
MT-TK	690068	MT	8295	8364	8311	17	T	A	Uncertain_significance	Mt_tRNA	ENSG00000210156
MT-TK	690067	MT	8295	8364	8311	17	T	C	Benign	Mt_tRNA	ENSG00000210156
MT-TK	9583	MT	8295	8364	8313	19	G	A	Pathogenic	Mt_tRNA	ENSG00000210156
MT-TK	690069	MT	8295	8364	8315	21	A	G	Likely_benign	Mt_tRNA	ENSG00000210156
MT-TK	690070	MT	8295	8364	8319	25	A	G	Likely_pathogenic	Mt_tRNA	ENSG00000210156
MT-TK	690071	MT	8295	8364	8331	37	A	G	Likely_benign	Mt_tRNA	ENSG00000210156
MT-TK	690072	MT	8295	8364	8337	43	T	C	Benign	Mt_tRNA	ENSG00000210156
MT-TK	690073	MT	8295	8364	8338	44	A	G	Likely_benign	Mt_tRNA	ENSG00000210156
MT-TK	9582	MT	8295	8364	8342	48	G	A	Conflicting_interpretations_of_pathogenicity	Mt_tRNA	ENSG00000210156
MT-TK	690075	MT	8295	8364	8343	49	A	G	Benign	Mt_tRNA	ENSG00000210156
MT-TK	9579	MT	8295	8364	8344	50	A	G	Pathogenic	Mt_tRNA	ENSG00000210156
MT-TK	690076	MT	8295	8364	8345	51	C	T	Benign	Mt_tRNA	ENSG00000210156
MT-TK	690077	MT	8295	8364	8346	52	C	A	Likely_benign	Mt_tRNA	ENSG00000210156
MT-TK	690078	MT	8295	8364	8347	53	A	G	Benign	Mt_tRNA	ENSG00000210156
MT-TK	690079	MT	8295	8364	8348	54	A	G	Benign/Likely_benign	Mt_tRNA	ENSG00000210156
MT-TK	690080	MT	8295	8364	8349	55	C	T	Benign	Mt_tRNA	ENSG00000210156
MT-TK	690081	MT	8295	8364	8350	56	A	G	Likely_benign	Mt_tRNA	ENSG00000210156
MT-TK	9580	MT	8295	8364	8356	62	T	C	Pathogenic	Mt_tRNA	ENSG00000210156
MT-TK	690082	MT	8295	8364	8358	64	A	G	Uncertain_significance	Mt_tRNA	ENSG00000210156
MT-TK	690083	MT	8295	8364	8360	66	A	G	Benign	Mt_tRNA	ENSG00000210156
MT-TK	9585	MT	8295	8364	8361	67	G	A	Pathogenic	Mt_tRNA	ENSG00000210156
MT-TK	690084	MT	8295	8364	8362	68	T	G	Pathogenic	Mt_tRNA	ENSG00000210156
MT-TK	9581	MT	8295	8364	8363	69	G	A	Pathogenic	Mt_tRNA	ENSG00000210156
MT-TK	690085	MT	8295	8364	8364	70	A	T	Uncertain_significance	Mt_tRNA	ENSG00000210156
MT-TG	690086	MT	9991	10058	9991	1	A	G	Likely_benign	Mt_tRNA	ENSG00000210164
MT-TG	690087	MT	9991	10058	9993	3	T	C	Uncertain_significance	Mt_tRNA	ENSG00000210164
MT-TG	690088	MT	9991	10058	9995	5	T	C	Likely_benign	Mt_tRNA	ENSG00000210164
MT-TG	690089	MT	9991	10058	9996	6	T	C	Uncertain_significance	Mt_tRNA	ENSG00000210164
MT-TG	690090	MT	9991	10058	9997	7	T	A	Likely_pathogenic	Mt_tRNA	ENSG00000210164
MT-TG	9611	MT	9991	10058	9997	7	T	C	Pathogenic	Mt_tRNA	ENSG00000210164
MT-TG	690091	MT	9991	10058	10003	13	T	C	Benign	Mt_tRNA	ENSG00000210164
MT-TG	690092	MT	9991	10058	10005	15	A	G	Benign	Mt_tRNA	ENSG00000210164
MT-TG	690093	MT	9991	10058	10005	15	A	T	Uncertain_significance	Mt_tRNA	ENSG00000210164
MT-TG	690094	MT	9991	10058	10006	16	A	G	Benign	Mt_tRNA	ENSG00000210164
MT-TG	690095	MT	9991	10058	10007	17	T	C	Benign	Mt_tRNA	ENSG00000210164
MT-TG	690096	MT	9991	10058	10008	18	A	G	Uncertain_significance	Mt_tRNA	ENSG00000210164
MT-TG	9612	MT	9991	10058	10010	20	T	C	Pathogenic	Mt_tRNA	ENSG00000210164
MT-TG	690097	MT	9991	10058	10013	23	C	T	Likely_benign	Mt_tRNA	ENSG00000210164
MT-TG	690098	MT	9991	10058	10014	24	G	A	Uncertain_significance	Mt_tRNA	ENSG00000210164
MT-TG	690099	MT	9991	10058	10015	25	T	C	Uncertain_significance	Mt_tRNA	ENSG00000210164
MT-TG	440974	MT	9991	10058	10018	28	A	G	Benign	Mt_tRNA	ENSG00000210164
MT-TG	690100	MT	9991	10058	10020	30	T	C	Uncertain_significance	Mt_tRNA	ENSG00000210164
MT-TG	690101	MT	9991	10058	10027	37	T	C	Uncertain_significance	Mt_tRNA	ENSG00000210164
MT-TG	690102	MT	9991	10058	10029	39	A	G	Benign	Mt_tRNA	ENSG00000210164
MT-TG	690103	MT	9991	10058	10031	41	T	C	Benign	Mt_tRNA	ENSG00000210164
MT-TG	690104	MT	9991	10058	10034	44	T	C	Benign	Mt_tRNA	ENSG00000210164
MT-TG	690105	MT	9991	10058	10040	50	C	T	Likely_benign	Mt_tRNA	ENSG00000210164
MT-TG	690106	MT	9991	10058	10042	52	A	G	Benign	Mt_tRNA	ENSG00000210164
MT-TG	9613	MT	9991	10058	10044	54	A	G	Benign	Mt_tRNA	ENSG00000210164
MT-TG	690108	MT	9991	10058	10045	55	T	C	Benign	Mt_tRNA	ENSG00000210164
MT-TG	235011	MT	9991	10058	10046	56	T	C	Likely_benign	Mt_tRNA	ENSG00000210164
MT-TG	690109	MT	9991	10058	10048	58	A	G	Uncertain_significance	Mt_tRNA	ENSG00000210164
MT-TG	690110	MT	9991	10058	10055	65	A	G	Uncertain_significance	Mt_tRNA	ENSG00000210164
MT-TR	690111	MT	10405	10469	10405	1	T	C	Uncertain_significance	Mt_tRNA	ENSG00000210174
MT-TR	690112	MT	10405	10469	10406	2	G	A	Likely_pathogenic	Mt_tRNA	ENSG00000210174
MT-TR	690113	MT	10405	10469	10408	4	T	C	Likely_pathogenic	Mt_tRNA	ENSG00000210174
MT-TR	690115	MT	10405	10469	10410	6	T	A	Likely_benign	Mt_tRNA	ENSG00000210174
MT-TR	690114	MT	10405	10469	10410	6	T	C	Benign	Mt_tRNA	ENSG00000210174
MT-TR	690116	MT	10405	10469	10411	7	A	G	Benign	Mt_tRNA	ENSG00000210174
MT-TR	690117	MT	10405	10469	10420	16	A	G	Benign	Mt_tRNA	ENSG00000210174
MT-TR	690118	MT	10405	10469	10427	23	G	A	Benign	Mt_tRNA	ENSG00000210174
MT-TR	9623	MT	10405	10469	10438	34	A	G	Pathogenic	Mt_tRNA	ENSG00000210174
MT-TR	690119	MT	10405	10469	10440	36	T	C	Benign	Mt_tRNA	ENSG00000210174
MT-TR	690120	MT	10405	10469	10446	42	A	G	Likely_benign	Mt_tRNA	ENSG00000210174
MT-TR	690121	MT	10405	10469	10448	44	T	C	Likely_benign	Mt_tRNA	ENSG00000210174
MT-TR	30000	MT	10405	10469	10450	46	A	G	Pathogenic	Mt_tRNA	ENSG00000210174
MT-TR	690122	MT	10405	10469	10454	50	T	C	Benign	Mt_tRNA	ENSG00000210174
MT-TR	690123	MT	10405	10469	10455	51	A	G	Benign	Mt_tRNA	ENSG00000210174
MT-TR	690124	MT	10405	10469	10456	52	A	G	Likely_benign	Mt_tRNA	ENSG00000210174
MT-TR	690125	MT	10405	10469	10457	53	T	C	Uncertain_significance	Mt_tRNA	ENSG00000210174
MT-TR	690126	MT	10405	10469	10460	56	T	C	Likely_pathogenic	Mt_tRNA	ENSG00000210174
MT-TR	690127	MT	10405	10469	10462	58	T	C	Uncertain_significance	Mt_tRNA	ENSG00000210174
MT-TR	690128	MT	10405	10469	10463	59	T	C	Benign	Mt_tRNA	ENSG00000210174
MT-TH	690129	MT	12138	12206	12141	4	A	G	Benign	Mt_tRNA	ENSG00000210176
MT-TH	690130	MT	12138	12206	12142	5	A	G	Benign	Mt_tRNA	ENSG00000210176
MT-TH	690131	MT	12138	12206	12143	6	T	C	Uncertain_significance	Mt_tRNA	ENSG00000210176
MT-TH	690132	MT	12138	12206	12144	7	A	G	Uncertain_significance	Mt_tRNA	ENSG00000210176
MT-TH	9610	MT	12138	12206	12147	10	G	A	Pathogenic	Mt_tRNA	ENSG00000210176
MT-TH	690133	MT	12138	12206	12148	11	T	C	Likely_pathogenic	Mt_tRNA	ENSG00000210176
MT-TH	690134	MT	12138	12206	12150	13	T	C	Uncertain_significance	Mt_tRNA	ENSG00000210176
MT-TH	690135	MT	12138	12206	12151	14	A	G	Benign	Mt_tRNA	ENSG00000210176
MT-TH	376983	MT	12138	12206	12153	16	C	T	Conflicting_interpretations_of_pathogenicity	Mt_tRNA	ENSG00000210176
MT-TH	690136	MT	12138	12206	12160	23	A	G	Likely_benign	Mt_tRNA	ENSG00000210176
MT-TH	690137	MT	12138	12206	12161	24	T	C	Benign	Mt_tRNA	ENSG00000210176
MT-TH	690138	MT	12138	12206	12163	26	A	G	Uncertain_significance	Mt_tRNA	ENSG00000210176
MT-TH	690139	MT	12138	12206	12164	27	G	A	Likely_benign	Mt_tRNA	ENSG00000210176
MT-TH	690140	MT	12138	12206	12166	29	T	C	Benign	Mt_tRNA	ENSG00000210176
MT-TH	441080	MT	12138	12206	12170	33	G	A	not_provided	Mt_tRNA	ENSG00000210176
MT-TH	690141	MT	12138	12206	12171	34	A	G	Benign	Mt_tRNA	ENSG00000210176
MT-TH	690142	MT	12138	12206	12172	35	A	G	Benign	Mt_tRNA	ENSG00000210176
MT-TH	690144	MT	12138	12206	12173	36	T	A	Uncertain_significance	Mt_tRNA	ENSG00000210176
MT-TH	690143	MT	12138	12206	12173	36	T	C	Benign	Mt_tRNA	ENSG00000210176
MT-TH	376964	MT	12138	12206	12175	38	T	C	Conflicting_interpretations_of_pathogenicity	Mt_tRNA	ENSG00000210176
MT-TH	690145	MT	12138	12206	12176	39	G	A	Uncertain_significance	Mt_tRNA	ENSG00000210176
MT-TH	618221	MT	12138	12206	12177	40	A	G	Uncertain_significance	Mt_tRNA	ENSG00000210176
MT-TH	690146	MT	12138	12206	12178	41	C	T	Benign	Mt_tRNA	ENSG00000210176
MT-TH	690147	MT	12138	12206	12181	44	C	T	Likely_benign	Mt_tRNA	ENSG00000210176
MT-TH	9609	MT	12138	12206	12183	46	G	A	Pathogenic	Mt_tRNA	ENSG00000210176
MT-TH	690148	MT	12138	12206	12184	47	A	G	Uncertain_significance	Mt_tRNA	ENSG00000210176
MT-TH	690149	MT	12138	12206	12185	48	G	A	Uncertain_significance	Mt_tRNA	ENSG00000210176
MT-TH	918020	MT	12138	12206	12187	50	C	T	not_provided	Mt_tRNA	ENSG00000210176
MT-TH	690150	MT	12138	12206	12188	51	T	C	Benign	Mt_tRNA	ENSG00000210176
MT-TH	690151	MT	12138	12206	12189	52	T	C	Benign	Mt_tRNA	ENSG00000210176
MT-TH	690152	MT	12138	12206	12191	54	C	T	Benign	Mt_tRNA	ENSG00000210176
MT-TH	9608	MT	12138	12206	12192	55	G	A	Benign	Mt_tRNA	ENSG00000210176
MT-TH	690153	MT	12138	12206	12193	56	A	G	Benign	Mt_tRNA	ENSG00000210176
MT-TH	690154	MT	12138	12206	12196	59	C	T	Likely_benign	Mt_tRNA	ENSG00000210176
MT-TH	30004	MT	12138	12206	12201	64	T	C	Uncertain_significance	Mt_tRNA	ENSG00000210176
MT-TH	690155	MT	12138	12206	12202	65	T	C	Uncertain_significance	Mt_tRNA	ENSG00000210176
MT-TH	690156	MT	12138	12206	12204	67	A	C	Uncertain_significance	Mt_tRNA	ENSG00000210176
MT-TH	690157	MT	12138	12206	12205	68	C	T	Uncertain_significance	Mt_tRNA	ENSG00000210176
MT-TS2	9561	MT	12207	12265	12207	1	G	A	Pathogenic	Mt_tRNA	ENSG00000210184
MT-TS2	690158	MT	12207	12265	12213	7	G	A	Uncertain_significance	Mt_tRNA	ENSG00000210184
MT-TS2	690159	MT	12207	12265	12215	9	T	C	Benign	Mt_tRNA	ENSG00000210184
MT-TS2	690160	MT	12207	12265	12216	10	C	T	Benign	Mt_tRNA	ENSG00000210184
MT-TS2	690161	MT	12207	12265	12217	11	A	G	Benign	Mt_tRNA	ENSG00000210184
MT-TS2	690162	MT	12207	12265	12218	12	C	A	Uncertain_significance	Mt_tRNA	ENSG00000210184
MT-TS2	690163	MT	12207	12265	12223	17	A	G	Benign	Mt_tRNA	ENSG00000210184
MT-TS2	690164	MT	12207	12265	12230	24	A	G	Uncertain_significance	Mt_tRNA	ENSG00000210184
MT-TS2	690165	MT	12207	12265	12231	25	C	T	Likely_benign	Mt_tRNA	ENSG00000210184
MT-TS2	690166	MT	12207	12265	12234	28	A	G	Benign	Mt_tRNA	ENSG00000210184
MT-TS2	690167	MT	12207	12265	12235	29	T	C	Benign	Mt_tRNA	ENSG00000210184
MT-TS2	440357	MT	12207	12265	12236	30	G	A	Conflicting_interpretations_of_pathogenicity	Mt_tRNA	ENSG00000210184
MT-TS2	690168	MT	12207	12265	12237	31	C	T	Benign	Mt_tRNA	ENSG00000210184
MT-TS2	235361	MT	12207	12265	12239	33	C	T	Benign	Mt_tRNA	ENSG00000210184
MT-TS2	690171	MT	12207	12265	12245	39	T	C	Benign	Mt_tRNA	ENSG00000210184
MT-TS2	690172	MT	12207	12265	12246	40	C	T	Benign	Mt_tRNA	ENSG00000210184
MT-TS2	690173	MT	12207	12265	12247	41	T	C	Uncertain_significance	Mt_tRNA	ENSG00000210184
MT-TS2	690174	MT	12207	12265	12248	42	A	G	Benign	Mt_tRNA	ENSG00000210184
MT-TS2	690175	MT	12207	12265	12250	44	C	T	Uncertain_significance	Mt_tRNA	ENSG00000210184
MT-TS2	690176	MT	12207	12265	12255	49	T	C	Uncertain_significance	Mt_tRNA	ENSG00000210184
MT-TS2	9560	MT	12207	12265	12258	52	C	A	Pathogenic	Mt_tRNA	ENSG00000210184
MT-TS2	690177	MT	12207	12265	12258	52	C	T	Likely_pathogenic	Mt_tRNA	ENSG00000210184
MT-TS2	690178	MT	12207	12265	12264	58	C	T	Likely_pathogenic	Mt_tRNA	ENSG00000210184
MT-TS2	690179	MT	12207	12265	12265	59	A	G	Likely_benign	Mt_tRNA	ENSG00000210184
MT-TL2	430687	MT	12266	12336	12271	6	T	C	Pathogenic	Mt_tRNA	ENSG00000210191
MT-TL2	690180	MT	12266	12336	12273	8	A	G	Likely_benign	Mt_tRNA	ENSG00000210191
MT-TL2	690181	MT	12266	12336	12276	11	G	A	Pathogenic	Mt_tRNA	ENSG00000210191
MT-TL2	690182	MT	12266	12336	12278	13	T	C	Uncertain_significance	Mt_tRNA	ENSG00000210191
MT-TL2	690183	MT	12266	12336	12279	14	A	G	Benign	Mt_tRNA	ENSG00000210191
MT-TL2	690184	MT	12266	12336	12279	14	A	T	Likely_benign	Mt_tRNA	ENSG00000210191
MT-TL2	690185	MT	12266	12336	12280	15	A	G	Benign	Mt_tRNA	ENSG00000210191
MT-TL2	690186	MT	12266	12336	12281	16	C	T	Benign	Mt_tRNA	ENSG00000210191
MT-TL2	430688	MT	12266	12336	12283	18	G	A	Pathogenic	Mt_tRNA	ENSG00000210191
MT-TL2	690187	MT	12266	12336	12285	20	T	C	Benign	Mt_tRNA	ENSG00000210191
MT-TL2	690188	MT	12266	12336	12291	26	T	C	Uncertain_significance	Mt_tRNA	ENSG00000210191
MT-TL2	690189	MT	12266	12336	12293	28	G	A	Uncertain_significance	Mt_tRNA	ENSG00000210191
MT-TL2	690190	MT	12266	12336	12295	30	T	C	Benign	Mt_tRNA	ENSG00000210191
MT-TL2	9588	MT	12266	12336	12297	32	T	C	Benign	Mt_tRNA	ENSG00000210191
MT-TL2	690191	MT	12266	12336	12302	37	C	A	Uncertain_significance	Mt_tRNA	ENSG00000210191
MT-TL2	690192	MT	12266	12336	12302	37	C	T	Uncertain_significance	Mt_tRNA	ENSG00000210191
MT-TL2	690193	MT	12266	12336	12308	43	A	G	Benign	Mt_tRNA	ENSG00000210191
MT-TL2	690195	MT	12266	12336	12311	46	T	C	Benign	Mt_tRNA	ENSG00000210191
MT-TL2	9586	MT	12266	12336	12315	50	G	A	Pathogenic	Mt_tRNA	ENSG00000210191
MT-TL2	690196	MT	12266	12336	12318	53	G	A	Uncertain_significance	Mt_tRNA	ENSG00000210191
MT-TL2	9587	MT	12266	12336	12320	55	A	G	Pathogenic	Mt_tRNA	ENSG00000210191
MT-TL2	690197	MT	12266	12336	12335	70	T	C	Likely_pathogenic	Mt_tRNA	ENSG00000210191
MT-TE	9618	MT	14674	14742	14674	1	T	C	Pathogenic/Likely_pathogenic	Mt_tRNA	ENSG00000210194
MT-TE	30003	MT	14674	14742	14674	1	T	G	Pathogenic	Mt_tRNA	ENSG00000210194
MT-TE	690198	MT	14674	14742	14681	8	G	A	Uncertain_significance	Mt_tRNA	ENSG00000210194
MT-TE	690199	MT	14674	14742	14683	10	A	G	Benign	Mt_tRNA	ENSG00000210194
MT-TE	690200	MT	14674	14742	14684	11	C	T	Benign	Mt_tRNA	ENSG00000210194
MT-TE	690201	MT	14674	14742	14687	14	A	G	Benign	Mt_tRNA	ENSG00000210194
MT-TE	690202	MT	14674	14742	14690	17	A	G	Benign	Mt_tRNA	ENSG00000210194
MT-TE	690203	MT	14674	14742	14691	18	C	T	Likely_benign	Mt_tRNA	ENSG00000210194
MT-TE	267298	MT	14674	14742	14692	19	A	G	Pathogenic	Mt_tRNA	ENSG00000210194
MT-TE	690204	MT	14674	14742	14693	20	A	G	Benign	Mt_tRNA	ENSG00000210194
MT-TE	690206	MT	14674	14742	14696	23	A	C	Benign	Mt_tRNA	ENSG00000210194
MT-TE	690205	MT	14674	14742	14696	23	A	G	Benign	Mt_tRNA	ENSG00000210194
MT-TE	618220	MT	14674	14742	14701	28	C	T	Uncertain_significance	Mt_tRNA	ENSG00000210194
MT-TE	370060	MT	14674	14742	14706	33	A	G	Benign	Mt_tRNA	ENSG00000210194
MT-TE	9617	MT	14674	14742	14709	36	T	C	Pathogenic/Likely_pathogenic	Mt_tRNA	ENSG00000210194
MT-TE	690207	MT	14674	14742	14710	37	G	A	Pathogenic	Mt_tRNA	ENSG00000210194
MT-TE	690208	MT	14674	14742	14716	43	C	T	Likely_benign	Mt_tRNA	ENSG00000210194
MT-TE	805947	MT	14674	14742	14724	51	G	A	Pathogenic	Mt_tRNA	ENSG00000210194
MT-TE	690209	MT	14674	14742	14727	54	T	C	Benign	Mt_tRNA	ENSG00000210194
MT-TE	690210	MT	14674	14742	14729	56	T	C	Uncertain_significance	Mt_tRNA	ENSG00000210194
MT-TE	143918	MT	14674	14742	14732	59	A	G	Likely_pathogenic	Mt_tRNA	ENSG00000210194
MT-TE	690211	MT	14674	14742	14739	66	G	A	Pathogenic	Mt_tRNA	ENSG00000210194
MT-TT	690212	MT	15888	15953	15888	1	G	A	Uncertain_significance	Mt_tRNA	ENSG00000210195
MT-TT	690213	MT	15888	15953	15889	2	T	C	Benign	Mt_tRNA	ENSG00000210195
MT-TT	143901	MT	15888	15953	15890	3	C	A	Likely_pathogenic	Mt_tRNA	ENSG00000210195
MT-TT	690214	MT	15888	15953	15890	3	C	T	Uncertain_significance	Mt_tRNA	ENSG00000210195
MT-TT	690215	MT	15888	15953	15891	4	C	T	Benign	Mt_tRNA	ENSG00000210195
MT-TT	690216	MT	15888	15953	15892	5	T	C	Benign	Mt_tRNA	ENSG00000210195
MT-TT	690217	MT	15888	15953	15893	6	T	C	Likely_benign	Mt_tRNA	ENSG00000210195
MT-TT	690218	MT	15888	15953	15894	7	G	A	Benign	Mt_tRNA	ENSG00000210195
MT-TT	690219	MT	15888	15953	15895	8	T	C	Likely_benign	Mt_tRNA	ENSG00000210195
MT-TT	690220	MT	15888	15953	15897	10	G	A	Uncertain_significance	Mt_tRNA	ENSG00000210195
MT-TT	690221	MT	15888	15953	15900	13	T	C	Benign	Mt_tRNA	ENSG00000210195
MT-TT	690222	MT	15888	15953	15902	15	A	G	Benign	Mt_tRNA	ENSG00000210195
MT-TT	690223	MT	15888	15953	15903	16	A	G	Benign	Mt_tRNA	ENSG00000210195
MT-TT	690224	MT	15888	15953	15904	17	C	T	Benign	Mt_tRNA	ENSG00000210195
MT-TT	690225	MT	15888	15953	15905	18	T	C	Benign	Mt_tRNA	ENSG00000210195
MT-TT	690226	MT	15888	15953	15907	20	A	G	Benign	Mt_tRNA	ENSG00000210195
MT-TT	690227	MT	15888	15953	15908	21	T	C	Benign	Mt_tRNA	ENSG00000210195
MT-TT	690228	MT	15888	15953	15909	22	A	G	Likely_benign	Mt_tRNA	ENSG00000210195
MT-TT	690229	MT	15888	15953	15909	22	A	T	Uncertain_significance	Mt_tRNA	ENSG00000210195
MT-TT	690230	MT	15888	15953	15911	24	A	G	Likely_benign	Mt_tRNA	ENSG00000210195
MT-TT	690231	MT	15888	15953	15913	26	C	T	Benign	Mt_tRNA	ENSG00000210195
MT-TT	690232	MT	15888	15953	15914	27	A	G	Benign	Mt_tRNA	ENSG00000210195
MT-TT	690233	MT	15888	15953	15915	28	G	A	Pathogenic	Mt_tRNA	ENSG00000210195
MT-TT	690234	MT	15888	15953	15916	29	T	C	Benign	Mt_tRNA	ENSG00000210195
MT-TT	972986	MT	15888	15953	15917	30	C	T	not_provided	Mt_tRNA	ENSG00000210195
MT-TT	690235	MT	15888	15953	15921	34	T	C	Uncertain_significance	Mt_tRNA	ENSG00000210195
MT-TT	39575	MT	15888	15953	15923	36	A	G	Conflicting_interpretations_of_pathogenicity	Mt_tRNA	ENSG00000210195
MT-TT	690236	MT	15888	15953	15924	37	A	G	Benign	Mt_tRNA	ENSG00000210195
MT-TT	690237	MT	15888	15953	15925	38	C	T	Likely_benign	Mt_tRNA	ENSG00000210195
MT-TT	690238	MT	15888	15953	15926	39	C	T	Benign	Mt_tRNA	ENSG00000210195
MT-TT	143902	MT	15888	15953	15927	40	G	A	Benign	Mt_tRNA	ENSG00000210195
MT-TT	143903	MT	15888	15953	15928	41	G	A	Benign	Mt_tRNA	ENSG00000210195
MT-TT	441111	MT	15888	15953	15928	41	G	T	not_provided	Mt_tRNA	ENSG00000210195
MT-TT	690239	MT	15888	15953	15929	42	A	G	Benign	Mt_tRNA	ENSG00000210195
MT-TT	690240	MT	15888	15953	15930	43	G	A	Benign	Mt_tRNA	ENSG00000210195
MT-TT	690241	MT	15888	15953	15932	45	T	C	Benign	Mt_tRNA	ENSG00000210195
MT-TT	143904	MT	15888	15953	15932	45	T	G	Likely_pathogenic	Mt_tRNA	ENSG00000210195
MT-TT	690242	MT	15888	15953	15935	48	A	G	Benign	Mt_tRNA	ENSG00000210195
MT-TT	690244	MT	15888	15953	15936	49	A	G	Likely_benign	Mt_tRNA	ENSG00000210195
MT-TT	690243	MT	15888	15953	15936	49	A	T	Benign	Mt_tRNA	ENSG00000210195
MT-TT	690247	MT	15888	15953	15937	50	A	G	Benign	Mt_tRNA	ENSG00000210195
MT-TT	690246	MT	15888	15953	15937	50	A	T	Likely_benign	Mt_tRNA	ENSG00000210195
MT-TT	690248	MT	15888	15953	15938	51	C	T	Benign	Mt_tRNA	ENSG00000210195
MT-TT	690249	MT	15888	15953	15939	52	C	T	Benign	Mt_tRNA	ENSG00000210195
MT-TT	690250	MT	15888	15953	15940	53	T	C	Benign	Mt_tRNA	ENSG00000210195
MT-TT	690252	MT	15888	15953	15941	54	T	C	Benign	Mt_tRNA	ENSG00000210195
MT-TT	690253	MT	15888	15953	15942	55	T	C	Benign	Mt_tRNA	ENSG00000210195
MT-TT	143905	MT	15888	15953	15943	56	T	C	Benign	Mt_tRNA	ENSG00000210195
MT-TT	690255	MT	15888	15953	15944	57	T	C	Likely_benign	Mt_tRNA	ENSG00000210195
MT-TT	690256	MT	15888	15953	15946	59	C	T	Benign	Mt_tRNA	ENSG00000210195
MT-TT	690257	MT	15888	15953	15947	60	A	G	Benign	Mt_tRNA	ENSG00000210195
MT-TT	690258	MT	15888	15953	15949	62	G	A	Benign	Mt_tRNA	ENSG00000210195
MT-TT	9559	MT	15888	15953	15950	63	G	A	Uncertain_significance	Mt_tRNA	ENSG00000210195
MT-TT	690259	MT	15888	15953	15951	64	A	G	Benign	Mt_tRNA	ENSG00000210195
MT-TT	690260	MT	15888	15953	15952	65	C	T	Likely_benign	Mt_tRNA	ENSG00000210195
MT-TP	870596	MT	15956	16023	15958	3	A	T	Pathogenic	Mt_tRNA	ENSG00000210196
MT-TP	9571	MT	15956	16023	15965	10	A	G	Benign	Mt_tRNA	ENSG00000210196
MT-TP	9572	MT	15956	16023	15967	12	G	A	Pathogenic	Mt_tRNA	ENSG00000210196
MT-TP	690261	MT	15956	16023	15968	13	T	C	Benign	Mt_tRNA	ENSG00000210196
MT-TP	690262	MT	15956	16023	15970	15	T	C	Benign	Mt_tRNA	ENSG00000210196
MT-TP	690263	MT	15956	16023	15976	21	T	C	Uncertain_significance	Mt_tRNA	ENSG00000210196
MT-TP	690264	MT	15956	16023	15977	22	C	T	Benign	Mt_tRNA	ENSG00000210196
MT-TP	690265	MT	15956	16023	15978	23	C	T	Benign	Mt_tRNA	ENSG00000210196
MT-TP	690266	MT	15956	16023	15983	28	T	C	Uncertain_significance	Mt_tRNA	ENSG00000210196
MT-TP	690267	MT	15956	16023	15984	29	T	C	Uncertain_significance	Mt_tRNA	ENSG00000210196
MT-TP	9570	MT	15956	16023	15990	35	C	T	Pathogenic	Mt_tRNA	ENSG00000210196
MT-TP	690268	MT	15956	16023	15992	37	A	T	Likely_benign	Mt_tRNA	ENSG00000210196
MT-TP	690269	MT	15956	16023	15994	39	A	G	Uncertain_significance	Mt_tRNA	ENSG00000210196
MT-TP	690270	MT	15956	16023	15995	40	G	A	Uncertain_significance	Mt_tRNA	ENSG00000210196
MT-TP	690271	MT	15956	16023	16002	47	T	C	Likely_pathogenic	Mt_tRNA	ENSG00000210196
MT-TP	690272	MT	15956	16023	16003	48	T	C	Uncertain_significance	Mt_tRNA	ENSG00000210196
MT-TP	690273	MT	15956	16023	16011	56	A	G	Likely_benign	Mt_tRNA	ENSG00000210196
MT-TP	690274	MT	15956	16023	16013	58	A	G	Uncertain_significance	Mt_tRNA	ENSG00000210196
MT-TP	690275	MT	15956	16023	16017	62	T	C	Benign	Mt_tRNA	ENSG00000210196
MT-TP	690277	MT	15956	16023	16021	66	C	T	Uncertain_significance	Mt_tRNA	ENSG00000210196
